,Low,High,Post sort control
Low,1.0,2.0233496290733927e-28,3.1783262665462533e-27
High,2.0233496290733927e-28,1.0,1.0
Post sort control,3.1783262665462533e-27,1.0,1.0
