,Pre sort control,Low,High
Pre sort control,1.0,1.9018863106940142e-08,7.603986130764861e-10
Low,1.9018863106940142e-08,1.0,1.0
High,7.603986130764861e-10,1.0,1.0
