,Low,High,Post sort control
Low,1.0,1.2806986804453122e-17,1.6591306305819055e-05
High,1.2806986804453122e-17,1.0,3.420634603623295e-05
Post sort control,1.6591306305819055e-05,3.420634603623295e-05,1.0
