,Low,High,Post sort control
Low,1.0,2.1832273650010597e-07,1.781505964140065e-05
High,2.1832273650010597e-07,1.0,1.0
Post sort control,1.781505964140065e-05,1.0,1.0
